date,open,high,low,close,Adj Close,Volume
2020-01-02,94.23536682128906,96.42542266845705,94.23536682128906,96.37507629394533,90.96825408935548,4451584
2020-01-03,94.98426818847656,97.32536315917967,94.7199478149414,96.50724029541016,91.09300231933594,4969756
2020-01-06,96.5701675415039,96.81560516357422,95.9723129272461,96.71491241455078,91.28903198242188,4139504
2020-01-07,95.59471130371094,96.6834487915039,95.59471130371094,96.40654754638672,90.99797058105467,4348775
2020-01-08,96.36249542236328,97.2624282836914,96.11705780029295,96.5512924194336,91.13459014892578,3772445
2020-01-09,96.79043579101562,97.03587341308594,96.36249542236328,96.69603729248048,91.27120971679688,4672455
2020-01-10,96.92259216308594,96.92259216308594,95.2989273071289,95.56954193115234,90.20791625976562,4605240
2020-01-13,95.67023468017578,95.9723129272461,95.2989273071289,95.6891098022461,90.32078552246094,4910010
2020-01-14,95.26116943359376,95.9156723022461,95.10383605957033,95.36815643310548,90.017822265625,4987712
2020-01-15,95.43109130859376,96.33102416992188,95.12271881103516,95.63247680664062,90.26732635498048,4937023
2020-01-16,96.04153442382812,96.92888641357422,96.04153442382812,96.6331024169922,91.21180725097656,5671300
2020-01-17,97.11138916015624,97.87916564941406,96.71491241455078,97.16802978515624,91.71672821044922,7365492
2020-01-21,96.82819366455078,97.86658477783205,96.14852142333984,97.21208190917967,91.75830841064452,7797382
2020-01-22,97.15544128417967,97.58338928222656,96.4946517944336,96.78414154052734,91.3543701171875,5546881
2020-01-23,96.67086029052734,97.0673370361328,96.02894592285156,96.79043579101562,91.3603057861328,6369348
2020-01-24,96.53870391845705,97.1806182861328,95.90308380126952,96.40654754638672,90.99797058105467,5879141
2020-01-27,95.02202606201172,95.63247680664062,94.40528869628906,95.04719543457033,89.71488189697266,6889427
2020-01-28,94.73253631591795,97.17432403564452,93.17180633544922,96.19886779785156,90.80194854736328,9083677
2020-01-29,96.86595153808594,96.88483428955078,95.32410430908205,96.17369079589844,90.77816772460938,6079832
2020-01-30,95.3052215576172,97.04845428466795,95.3052215576172,96.91629791259766,91.47911834716795,6958867
2020-01-31,96.412841796875,96.65198516845705,94.15985107421876,94.5248565673828,89.22183990478516,7325131
2020-02-03,95.06607818603516,95.8527374267578,94.26683044433594,94.36752319335938,89.0733413696289,7450027
2020-02-04,95.31151580810548,96.4946517944336,95.28634643554688,96.28697204589844,90.88509368896484,6090160
2020-02-05,97.35682678222656,97.94210052490234,96.53870391845705,97.94210052490234,92.44737243652344,5727709
2020-02-06,98.40780639648438,98.64065551757812,97.65890502929688,98.30081939697266,92.78596496582033,6011664
2020-02-07,98.1749496459961,99.34549713134766,97.92951202392578,98.69729614257812,93.16020965576172,7886048
2020-02-10,99.19446563720705,99.4210205078125,97.52674865722656,98.52108001708984,92.99386596679688,6419878
2020-02-11,99.57205963134766,99.71051025390624,97.46381378173828,97.70295715332033,92.22164916992188,8577104
2020-02-12,97.64002227783205,98.0364990234375,96.63939666748048,97.65890502929688,92.18006134033205,9167100
2020-02-13,96.9351806640625,97.32536315917967,96.23662567138672,96.3247299194336,91.35343170166016,5420874
2020-02-14,96.33731842041016,96.94776916503906,96.01636505126952,96.5764617919922,91.59217071533205,6175331
2020-02-18,95.78350830078124,95.80868530273438,94.62554931640624,95.20452880859376,90.29104614257812,4553280
2020-02-19,95.37445068359376,95.63876342773438,94.48080444335938,94.82693481445312,89.93293762207031,5339993
2020-02-20,94.6444320678711,94.86469268798828,93.0962905883789,94.3360595703125,89.46739959716797,5380831
2020-02-21,94.18502044677734,95.4122085571289,93.59345245361328,95.3555679321289,90.43427276611328,6796948
2020-02-24,92.75645446777344,93.24732208251952,91.59219360351562,92.24669647216795,87.48587036132812,10190257
2020-02-25,92.45437622070312,92.83826446533205,87.1302719116211,87.35682678222656,82.8483657836914,12089748
2020-02-26,88.2315902709961,90.10698699951172,86.9037094116211,87.08621978759766,82.59170532226562,13401785
2020-02-27,85.57583618164062,86.50724029541016,83.15292358398438,83.18439483642578,78.89126586914062,16203986
2020-02-28,80.01258850097656,82.45437622070312,79.19446563720703,82.18376159667969,77.9422836303711,19610008
2020-03-02,82.75645446777344,84.41158294677734,80.71113586425781,84.37381744384766,80.01929473876953,14433840
2020-03-03,84.29200744628906,86.96664428710938,82.66834259033203,83.40465545654297,79.10014343261719,14444010
2020-03-04,84.60667419433594,88.00503540039062,83.53052520751953,87.50157165527344,82.98563385009766,9077480
2020-03-05,85.01573181152344,85.26746368408203,78.79798889160156,79.57205963134766,75.4653549194336,13601522
2020-03-06,76.56387329101562,80.00629425048828,75.51919555664062,79.59722900390625,75.48924255371094,13614711
2020-03-09,72.63687896728516,74.92762756347656,70.80553436279297,72.59912109375,68.85230255126953,13778378
2020-03-10,75.37445068359375,75.82756805419922,71.44744873046875,75.12271881103516,71.24564361572266,14774045
2020-03-11,72.88861083984375,73.52423095703125,67.19949340820312,67.65890502929688,64.16704559326172,16346679
2020-03-12,59.23222351074219,68.6469497680664,58.40150833129883,64.5059814453125,61.17683410644531,30644501
2020-03-13,68.62806701660156,69.71051025390625,62.020137786865234,66.33102416992188,62.907691955566406,26649596
2020-03-16,60.01258850097656,62.39144134521485,57.0044059753418,57.22467041015625,54.27130889892578,19586014
2020-03-17,57.30648040771485,58.81057357788086,52.11453628540039,58.42668151855469,55.41128921508789,25522359
2020-03-18,54.02139663696289,54.07174301147461,43.43612289428711,49.96853256225586,47.38966751098633,36292760
2020-03-19,49.861549377441406,53.80742645263672,45.4247932434082,52.712398529052734,49.991920471191406,25171667
2020-03-20,53.39836502075195,55.90937805175781,46.1170539855957,51.93832778930664,49.2578010559082,22923550
2020-03-23,50.35242462158203,50.40276718139648,45.50031661987305,47.16802978515625,44.733699798583984,19084526
2020-03-24,50.409061431884766,55.03461456298828,50.35242462158203,54.60037612915039,51.7824592590332,20411023
2020-03-25,55.30522155761719,63.04594039916992,54.298301696777344,60.53492736816406,57.41072845458984,19096125
2020-03-26,61.67400741577149,66.07300567626953,61.044681549072266,65.85273742675781,62.454078674316406,23079589
2020-03-27,61.67400741577149,64.02140045166016,60.74260330200195,61.13908004760742,57.98370361328125,16126443
2020-03-30,60.465702056884766,62.77532958984375,59.60352325439453,61.98237991333008,58.78348159790039,12019832
2020-03-31,61.22089385986328,62.42919921875,59.07489013671875,59.3643798828125,56.30059814453125,11616702
2020-04-01,56.3121452331543,57.898048400878906,55.58842086791992,57.50157165527344,54.53392791748047,19658472
2020-04-02,56.40654373168945,58.05538177490234,53.561988830566406,54.12838363647461,51.3348274230957,20980044
2020-04-03,51.0,53.29999923706055,48.04999923706055,49.93000030517578,47.353126525878906,18932300
2020-04-06,54.47999954223633,58.900001525878906,52.63999938964844,57.560001373291016,54.58934020996094,28777500
2020-04-07,62.41999816894531,64.48999786376953,57.220001220703125,57.7599983215332,54.77901458740234,27110200
2020-04-08,58.34999847412109,63.97999954223633,57.900001525878906,62.619998931884766,59.38819122314453,26540900
2020-04-09,67.0,68.0999984741211,63.5099983215332,64.70999908447266,61.37032699584961,24734300
2020-04-13,64.2300033569336,64.4000015258789,60.09000015258789,61.83000183105469,58.63896560668945,15181800
2020-04-14,63.630001068115234,65.33999633789062,62.59999847412109,65.06999969482422,61.71175384521485,16758300
2020-04-15,65.0,65.11000061035156,61.22999954223633,62.33000183105469,59.113162994384766,16662100
2020-04-16,62.459999084472656,62.720001220703125,61.29999923706055,62.45000076293945,59.226959228515625,14108100
2020-04-17,64.75,66.5,64.18000030517578,66.06999969482422,62.66012573242188,14111000
2020-04-20,64.5,66.93000030517578,63.720001220703125,64.9800033569336,61.62640380859375,10564000
2020-04-21,63.619998931884766,64.55000305175781,62.150001525878906,62.650001525878906,59.41664505004883,9877400
2020-04-22,64.31999969482422,64.9000015258789,63.09999847412109,63.45000076293945,60.17535781860352,9439900
2020-04-23,63.88999938964844,64.87999725341797,63.25,63.290000915527344,60.02361679077149,9320000
2020-04-24,63.97999954223633,64.08000183105469,62.5,63.43000030517578,60.156394958496094,8557100
2020-04-27,64.43000030517578,65.41999816894531,63.84000015258789,65.06999969482422,61.71175384521485,8305700
2020-04-28,66.5199966430664,67.29000091552734,64.80999755859375,65.38999938964844,62.015228271484375,10477000
2020-04-29,67.3499984741211,68.79000091552734,66.05999755859375,67.9000015258789,64.39568328857422,10327900
2020-04-30,67.44999694824219,67.44999694824219,64.69999694824219,64.80999755859375,61.46517181396485,12472200
2020-05-01,63.5,63.61000061035156,60.220001220703125,61.11000061035156,57.95612335205078,13680400
2020-05-04,60.02000045776367,60.02999877929688,57.56999969482422,58.84999847412109,55.81276321411133,15623300
2020-05-05,60.2599983215332,60.470001220703125,58.869998931884766,59.0,55.955020904541016,12776400
2020-05-06,59.29999923706055,59.38999938964844,57.75,57.91999816894531,54.930755615234375,8822100
2020-05-07,58.630001068115234,59.2400016784668,56.43999862670898,57.0099983215332,54.06772613525391,26893800
2020-05-08,57.720001220703125,58.75,57.34999847412109,58.66999816894531,55.642051696777344,10177300
2020-05-11,57.720001220703125,57.93000030517578,56.33000183105469,57.36000061035156,54.399658203125,10652600
2020-05-12,57.380001068115234,58.43999862670898,56.720001220703125,56.720001220703125,53.79269027709961,10906200
2020-05-13,56.09000015258789,56.09000015258789,53.18000030517578,54.09999847412109,51.30790710449219,13948000
2020-05-14,52.66999816894531,53.90999984741211,51.130001068115234,53.86000061035156,51.53275680541992,16745200
2020-05-15,53.040000915527344,53.27000045776367,51.65999984741211,52.72999954223633,50.45158386230469,22048800
2020-05-18,55.650001525878906,58.619998931884766,55.52000045776367,57.900001525878906,55.398193359375,19741400
2020-05-19,57.88999938964844,60.13999938964844,57.400001525878906,57.93999862670898,55.43645858764648,14442300
2020-05-20,58.709999084472656,59.06999969482422,57.68999862670898,57.79999923706055,55.302513122558594,10344800
2020-05-21,58.29999923706055,60.209999084472656,58.20000076293945,60.09999847412109,57.50313568115234,10309900
2020-05-22,60.38999938964844,60.77000045776367,59.33000183105469,60.0,57.40745162963867,6510700
2020-05-26,62.560001373291016,65.55000305175781,62.36000061035156,64.47000122070312,61.68430709838867,15937800
2020-05-27,67.0,67.98999786376953,65.16999816894531,66.6500015258789,63.77012252807617,13951600
2020-05-28,68.77999877929688,68.77999877929688,66.13999938964844,67.2699966430664,64.36331176757812,12683200
2020-05-29,65.5999984741211,66.5999984741211,64.13999938964844,64.5199966430664,61.73213577270508,13950600
2020-06-01,65.0,66.04000091552734,64.06999969482422,64.12000274658203,61.34943389892578,11314000
2020-06-02,63.70000076293945,64.19999694824219,62.560001373291016,63.400001525878906,60.66053771972656,14938400
2020-06-03,64.5,67.7300033569336,64.44000244140625,67.47000122070312,64.55467987060547,15875900
2020-06-04,67.0999984741211,67.83000183105469,66.30999755859375,67.51000213623047,64.59295654296875,10135000
2020-06-05,71.02999877929688,73.73999786376953,71.0,72.06999969482422,68.95591735839844,14203100
2020-06-08,72.5,74.93000030517578,72.5,74.16000366210938,70.95561218261719,11945500
2020-06-09,72.6500015258789,72.6500015258789,70.51000213623047,70.54000091552734,67.49203491210938,9964900
2020-06-10,70.13999938964844,70.29000091552734,68.05000305175781,68.36000061035156,65.40621948242188,9765900
2020-06-11,63.9900016784668,65.70999908447266,62.81999969482422,62.84999847412109,60.134307861328125,13709000
2020-06-12,65.97000122070312,66.06999969482422,63.36000061035156,65.37000274658203,62.54542541503906,9589500
2020-06-15,63.0,67.76000213623047,62.43999862670898,67.05000305175781,64.15283203125,13553100
2020-06-16,69.62000274658203,70.0999984741211,66.05000305175781,67.81999969482422,64.88956451416016,11523900
2020-06-17,68.0,68.19999694824219,66.62999725341797,66.9000015258789,64.00931549072266,9294400
2020-06-18,65.83000183105469,67.43000030517578,65.61000061035156,66.87999725341797,63.99017333984375,6431100
2020-06-19,68.36000061035156,68.36000061035156,64.47000122070312,64.88999938964844,62.086158752441406,19144400
2020-06-22,64.80999755859375,65.41999816894531,63.93000030517578,65.04000091552734,62.229679107666016,7566100
2020-06-23,65.45999908447266,65.77999877929688,64.16000366210938,64.54000091552734,61.75128555297852,6935100
2020-06-24,63.9900016784668,64.01000213623047,61.06999969482422,61.720001220703125,59.05313491821289,9880500
2020-06-25,60.91999816894531,61.380001068115234,59.959999084472656,61.060001373291016,58.42164993286133,12717400
2020-06-26,61.02000045776367,61.41999816894531,58.93999862670898,59.09999847412109,56.54634094238281,17537900
2020-06-29,60.18999862670898,61.91999816894531,59.79999923706055,61.91999816894531,59.24449157714844,8908700
2020-06-30,61.04999923706055,61.86000061035156,60.08000183105469,61.619998931884766,58.95745086669922,10746400
2020-07-01,61.77999877929688,62.900001525878906,61.22999954223633,61.61000061035156,58.9478874206543,6860300
2020-07-02,62.66999816894531,63.459999084472656,61.619998931884766,61.790000915527344,59.1201057434082,8238300
2020-07-06,63.060001373291016,63.83000183105469,62.119998931884766,63.31999969482422,60.58399963378906,6128200
2020-07-07,62.540000915527344,62.83000183105469,60.93999862670898,61.0099983215332,58.37380599975586,8783000
2020-07-08,60.880001068115234,61.63999938964844,60.20000076293945,61.0099983215332,58.37380599975586,9306900
2020-07-09,60.65999984741211,60.880001068115234,58.060001373291016,58.11000061035156,55.599117279052734,10778900
2020-07-10,59.09999847412109,60.20000076293945,58.77000045776367,59.63999938964844,57.06300735473633,10458000
2020-07-13,60.27999877929688,60.79999923706055,58.7400016784668,59.34999847412109,56.78553771972656,7440800
2020-07-14,59.0,60.560001373291016,58.45000076293945,60.470001220703125,57.85714340209961,7256800
2020-07-15,62.34999847412109,63.220001220703125,62.04999923706055,62.93999862670898,60.22041320800781,9036900
2020-07-16,62.29999923706055,62.810001373291016,61.45000076293945,62.369998931884766,59.675048828125,5684100
2020-07-17,62.470001220703125,62.61000061035156,61.709999084472656,62.20000076293945,59.51239013671875,10789100
2020-07-20,61.77999877929688,62.02999877929688,60.81999969482422,61.40999984741211,58.75652694702149,6688300
2020-07-21,62.0,63.47999954223633,61.83000183105469,63.04999923706055,60.325660705566406,7395200
2020-07-22,62.59999847412109,63.72999954223633,62.16999816894531,63.630001068115234,60.88060760498047,5758700
2020-07-23,63.59000015258789,64.33000183105469,62.880001068115234,63.119998931884766,60.39263916015625,6043300
2020-07-24,63.209999084472656,63.970001220703125,61.790000915527344,62.06999969482422,59.38800811767578,6058900
2020-07-27,61.650001525878906,61.84999847412109,60.650001525878906,61.09000015258789,58.45035171508789,10194300
2020-07-28,61.7400016784668,61.81999969482422,59.75,61.0,58.36424255371094,13111800
2020-07-29,60.70000076293945,60.9900016784668,59.060001373291016,59.400001525878906,56.833377838134766,11162500
2020-07-30,58.619998931884766,58.650001525878906,57.27000045776367,57.459999084472656,54.97720718383789,12292100
2020-07-31,57.36000061035156,57.380001068115234,56.11000061035156,56.68000030517578,54.23091125488281,11437200
2020-08-03,56.470001220703125,57.52000045776367,55.72999954223633,57.5099983215332,55.02504348754883,8789300
2020-08-04,57.720001220703125,57.90999984741211,57.119998931884766,57.5099983215332,55.02504348754883,7844600
2020-08-05,57.84999847412109,60.04999923706055,57.70000076293945,60.02999877929688,57.4361572265625,10115900
2020-08-06,59.5,60.40999984741211,59.29999923706055,59.869998931884766,57.28306579589844,5786700
2020-08-07,59.869998931884766,61.290000915527344,59.34999847412109,61.22999954223633,58.58430480957031,6263100
2020-08-10,61.5,64.44000244140625,61.36000061035156,64.2300033569336,61.454681396484375,10042600
2020-08-11,65.19000244140625,66.1500015258789,64.08000183105469,64.26000213623047,61.48337936401367,12120800
2020-08-12,65.12999725341797,65.13999938964844,63.380001068115234,64.29000091552734,61.5120849609375,7327000
2020-08-13,63.060001373291016,64.04000091552734,62.650001525878906,63.29999923706055,61.01566696166992,9452000
2020-08-14,62.79999923706055,64.23999786376953,62.59000015258789,63.63999938964844,61.34339904785156,5124400
2020-08-17,63.58000183105469,63.880001068115234,62.68000030517578,62.77000045776367,60.50479888916016,6408400
2020-08-18,62.720001220703125,63.16999816894531,62.02999877929688,62.09999847412109,59.85897445678711,4727700
2020-08-19,62.02000045776367,62.90999984741211,61.5,61.63999938964844,59.41557693481445,5381200
2020-08-20,61.0,61.41999816894531,60.34000015258789,60.9900016784668,58.78903198242188,4689200
2020-08-21,60.66999816894531,61.27999877929688,60.22999954223633,60.27000045776367,58.09501647949219,7067400
2020-08-24,60.400001525878906,62.040000915527344,60.130001068115234,61.880001068115234,59.64691925048828,6379800
2020-08-25,61.36000061035156,61.400001525878906,59.63999938964844,60.95000076293945,58.75048065185547,12678800
2020-08-26,60.63999938964844,60.91999816894531,59.9900016784668,60.77000045776367,58.57697296142578,8659600
2020-08-27,60.7599983215332,61.959999084472656,60.380001068115234,60.900001525878906,58.7022819519043,8749800
2020-08-28,61.119998931884766,62.52999877929688,60.630001068115234,62.2400016784668,59.993927001953125,18550100
2020-08-31,62.18999862670898,63.56999969482422,60.91999816894531,61.0,58.79866790771485,10885700
2020-09-01,60.68999862670898,61.34999847412109,60.119998931884766,60.68000030517578,58.4902229309082,9308800
2020-09-02,61.0,62.150001525878906,60.7599983215332,62.0,59.76258087158203,7511900
2020-09-03,62.18999862670898,63.20000076293945,60.41999816894531,60.86000061035156,58.66372299194336,8515700
2020-09-04,61.4900016784668,62.209999084472656,59.93999862670898,61.16999816894531,58.96253204345703,6785900
2020-09-08,60.380001068115234,60.59000015258789,58.81999969482422,59.25,57.11182022094727,10523800
2020-09-09,59.77000045776367,60.310001373291016,58.88999938964844,59.58000183105469,57.42991638183594,7560700
2020-09-10,60.29999923706055,61.68000030517578,59.380001068115234,59.52000045776367,57.3720817565918,8670400
2020-09-11,59.5,60.900001525878906,59.400001525878906,60.650001525878906,58.4613037109375,9780900
2020-09-14,61.27999877929688,62.22999954223633,61.08000183105469,61.970001220703125,59.73366928100586,6548600
2020-09-15,61.7400016784668,62.43999862670898,60.959999084472656,61.43999862670898,59.22279357910156,7069300
2020-09-16,61.2400016784668,63.72999954223633,60.90999984741211,62.91999816894531,60.64937973022461,8873300
2020-09-17,62.22999954223633,64.01000213623047,61.560001373291016,62.810001373291016,60.54335784912109,6062800
2020-09-18,62.56999969482422,63.33000183105469,62.09999847412109,62.34999847412109,60.09995269775391,16814200
2020-09-21,61.58000183105469,62.56999969482422,59.630001068115234,60.02000045776367,57.85403823852539,8845200
2020-09-22,59.93999862670898,60.77999877929688,58.93000030517578,59.790000915527344,57.63233947753906,5883200
2020-09-23,59.81999969482422,60.880001068115234,58.29999923706055,58.33000183105469,56.22502517700195,7280000
2020-09-24,58.04999923706055,58.31999969482422,56.619998931884766,57.380001068115234,55.30931091308594,7737300
2020-09-25,56.869998931884766,57.7400016784668,56.34000015258789,57.4900016784668,55.41533660888672,11955200
2020-09-28,58.09000015258789,59.56999969482422,58.09000015258789,58.88999938964844,56.76481246948242,5457500
2020-09-29,58.68000030517578,58.790000915527344,57.4900016784668,57.59999847412109,55.521366119384766,6362100
2020-09-30,57.61000061035156,58.61000061035156,57.09999847412109,57.540000915527344,55.46353530883789,7708400
2020-10-01,57.81999969482422,58.45000076293945,57.09000015258789,57.459999084472656,55.38642501831055,6525600
2020-10-02,56.52000045776367,59.380001068115234,56.5099983215332,59.34000015258789,57.19857025146485,8381200
2020-10-05,59.84999847412109,60.33000183105469,59.16999816894531,59.5099983215332,57.36244201660156,6077800
2020-10-06,59.810001373291016,60.58000183105469,58.43000030517578,58.45000076293945,56.34069442749024,7187200
2020-10-07,59.310001373291016,59.93999862670898,58.95000076293945,59.68999862670898,57.535945892333984,4925800
2020-10-08,59.81999969482422,60.84999847412109,59.68000030517578,60.79999923706055,58.60589218139648,4483000
2020-10-09,61.220001220703125,61.33000183105469,59.88999938964844,59.90999984741211,57.748008728027344,3996200
2020-10-12,59.84000015258789,60.68000030517578,59.560001373291016,60.52999877929688,58.34562683105469,5378900
2020-10-13,59.75,60.09999847412109,58.52999877929688,59.52000045776367,57.3720817565918,8836700
2020-10-14,59.27999877929688,60.34000015258789,59.209999084472656,59.93999862670898,57.77692031860352,5971800
2020-10-15,59.369998931884766,60.5,58.91999816894531,60.4900016784668,58.30707931518555,6166000
2020-10-16,61.0,62.040000915527344,60.63999938964844,61.75,59.5216064453125,8287700
2020-10-19,61.59999847412109,62.66999816894531,61.0,61.459999084472656,59.24207305908203,7373300
2020-10-20,61.97999954223633,62.310001373291016,61.040000915527344,61.2400016784668,59.0300178527832,5960800
2020-10-21,60.41999816894531,61.09999847412109,60.18999862670898,60.34999847412109,58.1721305847168,5647200
2020-10-22,60.22999954223633,62.970001220703125,60.220001220703125,62.79999923706055,60.5337142944336,6990100
2020-10-23,63.06999969482422,63.790000915527344,62.41999816894531,62.56999969482422,60.31201553344727,5864600
2020-10-26,61.650001525878906,61.75,59.880001068115234,60.810001373291016,58.61552810668945,7596800
2020-10-27,59.77000045776367,59.79999923706055,56.43999862670898,56.52999877929688,54.4899787902832,14785900
2020-10-28,55.20000076293945,56.06999969482422,52.25,52.34000015258789,50.45119094848633,19787500
2020-10-29,52.5,53.47999954223633,51.91999816894531,53.13999938964844,51.22231674194336,14994500
2020-10-30,53.119998931884766,54.45000076293945,52.91999816894531,54.31999969482422,52.35973739624024,14571800
2020-11-02,55.400001525878906,56.0,53.90999984741211,55.75,53.73812484741211,9750800
2020-11-03,56.5099983215332,57.5099983215332,56.34000015258789,57.040000915527344,54.9815788269043,7740500
2020-11-04,57.36000061035156,58.59000015258789,56.13999938964844,56.81999969482422,54.76951217651367,8662000
2020-11-05,57.11000061035156,58.81999969482422,56.869998931884766,58.27999877929688,56.17683029174805,7446700
2020-11-06,57.630001068115234,58.84999847412109,57.2400016784668,58.560001373291016,56.44672393798828,7849800
2020-11-09,65.12000274658203,66.38999938964844,62.4900016784668,64.98999786376953,62.64468383789063,19021200
2020-11-10,66.0999984741211,68.1500015258789,65.75,67.88999938964844,65.44002532958984,14358600
2020-11-11,67.6500015258789,67.69999694824219,65.12000274658203,65.8499984741211,63.4736442565918,10124700
2020-11-12,63.880001068115234,64.63999938964844,63.27000045776367,63.9900016784668,62.1289291381836,8345100
2020-11-13,64.77999877929688,66.4000015258789,64.5199966430664,66.1500015258789,64.22611236572266,6824200
2020-11-16,67.55999755859375,69.04000091552734,67.1500015258789,68.66000366210938,66.6631088256836,12885000
2020-11-17,67.5199966430664,69.62000274658203,67.36000061035156,68.87000274658203,66.86700439453125,11134200
2020-11-18,69.66999816894531,71.31999969482422,69.33000183105469,69.51000213623047,67.48838806152344,13392600
2020-11-19,68.6500015258789,71.2300033569336,68.19999694824219,71.11000061035156,69.04185485839844,8929000
2020-11-20,70.80000305175781,71.12000274658203,69.6500015258789,69.76000213623047,67.73112487792969,5833800
2020-11-23,70.81999969482422,72.83999633789062,70.33999633789062,72.63999938964844,70.52735137939453,7208800
2020-11-24,74.08999633789062,75.31999969482422,73.80000305175781,74.36000061035156,72.19733428955078,10570500
2020-11-25,73.55000305175781,74.19000244140625,72.9000015258789,73.80999755859375,71.66331481933594,5374200
2020-11-27,73.7699966430664,74.4000015258789,73.38999938964844,73.91000366210938,71.76042175292969,5103400
2020-11-30,73.08999633789062,73.55000305175781,71.36000061035156,71.72000122070312,69.63411712646484,10730800
2020-12-01,72.72000122070312,72.94000244140625,71.20999908447266,71.2300033569336,69.15836334228516,6544600
2020-12-02,71.19000244140625,72.3499984741211,70.69000244140625,71.94000244140625,69.84770965576172,5401600
2020-12-03,72.11000061035156,74.38999938964844,71.91000366210938,73.29000091552734,71.158447265625,6893900
2020-12-04,73.37999725341797,74.66000366210938,73.37999725341797,73.91000366210938,71.76042175292969,9297900
2020-12-07,73.37999725341797,73.75,72.55000305175781,73.04000091552734,70.91571807861328,4913800
2020-12-08,73.19000244140625,74.51000213623047,72.79000091552734,74.4800033569336,72.31383514404297,4364900
2020-12-09,74.47000122070312,74.81999969482422,73.27999877929688,73.54000091552734,71.40117645263672,5329300
2020-12-10,72.97000122070312,73.73999786376953,72.44999694824219,72.9800033569336,70.85746002197266,7497900
2020-12-11,72.66000366210938,73.58000183105469,72.36000061035156,72.88999938964844,70.77008056640625,7185900
2020-12-14,73.4000015258789,73.83000183105469,70.70999908447266,70.80000305175781,68.74085998535156,10849300
2020-12-15,71.5,71.80000305175781,70.0999984741211,71.04000091552734,68.97389221191406,7769000
2020-12-16,71.1500015258789,71.18000030517578,70.44999694824219,70.56999969482422,68.5175552368164,5621100
2020-12-17,71.38999938964844,71.48999786376953,70.51000213623047,70.63999938964844,68.58551788330078,5769900
2020-12-18,70.56999969482422,70.76000213623047,69.80999755859375,70.16999816894531,68.12918853759766,16809800
2020-12-21,68.69000244140625,70.23999786376953,67.77999877929688,69.66999816894531,67.64373779296875,8351700
2020-12-22,69.48999786376953,70.11000061035156,68.97000122070312,69.25,67.2359390258789,4028200
2020-12-23,69.79000091552734,71.41000366210938,69.58999633789062,70.72000122070312,68.66319274902344,4312900
2020-12-24,70.94999694824219,70.94999694824219,69.88999938964844,70.2699966430664,68.22628784179688,1758600
2020-12-28,70.69999694824219,71.45999908447266,70.33999633789062,70.62999725341797,68.5758056640625,2938000
2020-12-29,71.0,71.0999984741211,69.66999816894531,70.33999633789062,68.29425048828125,3670100
2020-12-30,70.5,71.63999938964844,70.33999633789062,71.36000061035156,69.28457641601562,5015500
2020-12-31,71.3499984741211,71.69999694824219,70.94000244140625,71.51000213623047,69.43022155761719,4177000
2021-01-04,71.37999725341797,71.55999755859375,68.30999755859375,68.43000030517578,66.43980407714844,7660500
2021-01-05,68.76000213623047,69.87999725341797,68.4000015258789,69.41999816894531,67.40100860595703,6436800
2021-01-06,68.5,71.48999786376953,68.44999694824219,70.27999877929688,68.23600006103516,8753800
2021-01-07,70.3499984741211,70.87000274658203,69.69000244140625,69.77999877929688,67.75053405761719,8771400
2021-01-08,69.95999908447266,70.08000183105469,68.69999694824219,69.86000061035156,67.82820129394531,5158100
2021-01-11,68.79000091552734,69.8499984741211,68.5199966430664,69.80000305175781,67.76995086669922,4569000
2021-01-12,69.69000244140625,71.72000122070312,69.56999969482422,71.5199966430664,69.43992614746094,5356200
2021-01-13,71.30000305175781,71.44999694824219,69.79000091552734,70.5,68.4495849609375,7032600
2021-01-14,71.0,72.37000274658203,70.55000305175781,70.94000244140625,68.87680053710938,9712500
2021-01-15,70.30999755859375,70.33000183105469,68.94999694824219,69.19999694824219,67.1874008178711,6980800
2021-01-19,69.77999877929688,70.05000305175781,69.1500015258789,69.36000061035156,67.34274291992188,7381800
2021-01-20,69.47000122070312,69.52999877929688,68.61000061035156,68.83999633789062,66.8378677368164,4657700
2021-01-21,68.33000183105469,68.69999694824219,67.8499984741211,68.11000061035156,66.12910461425781,7366800
2021-01-22,67.72000122070312,68.11000061035156,67.12000274658203,67.58000183105469,65.61451721191406,4558100
2021-01-25,66.04000091552734,66.5199966430664,65.0199966430664,66.27999877929688,64.35232543945312,10514000
2021-01-26,69.19999694824219,70.93000030517578,67.19000244140625,67.19999694824219,65.24557495117188,13322200
2021-01-27,66.55000305175781,67.76000213623047,65.25,65.5,63.59501266479492,12377000
2021-01-28,66.44000244140625,69.29000091552734,66.20999908447266,68.16999816894531,66.1873550415039,8753200
2021-01-29,67.11000061035156,67.55999755859375,66.11000061035156,66.7300033569336,64.78923797607422,15649100
2021-02-01,67.5999984741211,67.5999984741211,66.12999725341797,66.95999908447266,65.01254272460938,5994000
2021-02-02,67.66999816894531,70.41999816894531,67.55000305175781,70.13999938964844,68.10005950927734,8710600
2021-02-03,69.76000213623047,70.91999816894531,69.37000274658203,70.58000183105469,68.52726745605469,8370000
2021-02-04,71.06999969482422,72.80999755859375,70.7300033569336,72.68000030517578,70.5661849975586,9024300
2021-02-05,73.3499984741211,73.87999725341797,72.0,72.33000183105469,70.22637176513672,7952700
2021-02-08,72.27999877929688,72.68000030517578,71.80999755859375,72.48999786376953,70.38172149658203,4964300
2021-02-09,72.25,73.33999633789062,71.56999969482422,73.04000091552734,70.91571807861328,6263000
2021-02-10,72.76000213623047,73.13999938964844,72.13999938964844,72.47000122070312,70.3623046875,3930200
2021-02-11,72.47000122070312,73.19000244140625,71.16999816894531,72.33000183105469,70.22637176513672,4535800
2021-02-12,72.08999633789062,72.81999969482422,71.81999969482422,72.61000061035156,70.49822235107422,4207500
2021-02-16,72.83999633789062,73.25,72.04000091552734,72.61000061035156,70.49822235107422,6110200
2021-02-17,72.29000091552734,73.20999908447266,72.08000183105469,73.05999755859375,70.93513488769531,5186900
2021-02-18,72.47000122070312,73.05000305175781,72.0199966430664,72.87999725341797,70.7603759765625,4903800
2021-02-19,73.37999725341797,74.30999755859375,73.0999984741211,74.26000213623047,72.10023498535156,6275900
2021-02-22,72.25,74.26000213623047,72.22000122070312,73.0,70.87688446044922,10506900
2021-02-23,73.41000366210938,74.01000213623047,72.52999877929688,73.98999786376953,71.83809661865234,11686700
2021-02-24,74.19000244140625,78.16999816894531,73.5199966430664,77.66999816894531,75.41105651855469,11159300
2021-02-25,76.66000366210938,77.12000274658203,72.94999694824219,73.31999969482422,71.6256103515625,9483300
2021-02-26,73.93000030517578,73.93000030517578,71.98999786376953,71.98999786376953,70.32633972167969,8000700
2021-03-01,73.51000213623047,75.33999633789062,73.0999984741211,74.36000061035156,72.64157104492188,10910500
2021-03-02,74.30999755859375,75.41999816894531,74.19999694824219,74.66999816894531,72.94440460205078,5792300
2021-03-03,74.80000305175781,76.38999938964844,74.6500015258789,75.06999969482422,73.33517456054688,5960700
2021-03-04,75.0199966430664,76.45999908447266,72.73999786376953,74.41999816894531,72.70018005371094,8284200
2021-03-05,75.2300033569336,75.56999969482422,73.0999984741211,75.18000030517578,73.442626953125,6661900
2021-03-08,76.11000061035156,77.33999633789062,75.54000091552734,75.61000061035156,73.86268615722656,7232100
2021-03-09,76.04000091552734,76.69999694824219,74.75,74.83000183105469,73.10072326660156,6558300
2021-03-10,75.4000015258789,77.1500015258789,74.98999786376953,76.55999755859375,74.79074096679688,6776600
2021-03-11,76.56999969482422,78.08000183105469,76.19999694824219,77.05000305175781,75.26942443847656,6314900
2021-03-12,78.0,78.87000274658203,77.68000030517578,78.5199966430664,76.70543670654297,6075900
2021-03-15,78.77999877929688,80.05999755859375,78.3499984741211,79.56999969482422,77.73117065429688,7848900
2021-03-16,79.44000244140625,79.66999816894531,78.01000213623047,78.23999786376953,76.43191528320312,5941500
2021-03-17,78.45999908447266,79.83999633789062,78.30999755859375,79.55999755859375,77.72140502929688,6685900
2021-03-18,79.22000122070312,79.91999816894531,77.87999725341797,77.94000244140625,76.13884735107422,6093500
2021-03-19,78.0,78.55000305175781,76.12000274658203,78.36000061035156,76.54914093017578,15023800
2021-03-22,78.36000061035156,78.54000091552734,76.58999633789062,76.91999816894531,75.14241027832031,7457100
2021-03-23,76.2699966430664,77.16999816894531,75.01000213623047,75.18000030517578,73.442626953125,8285400
2021-03-24,76.2300033569336,77.83000183105469,75.55000305175781,75.55000305175781,73.8040771484375,7722600
2021-03-25,75.0999984741211,77.66999816894531,74.62999725341797,77.52999877929688,75.73831176757812,6359100
2021-03-26,77.41000366210938,78.26000213623047,76.56999969482422,78.16999816894531,76.363525390625,6193900
2021-03-29,78.30999755859375,78.98999786376953,77.52999877929688,77.68000030517578,75.88484954833984,7136700
2021-03-30,77.62000274658203,78.44999694824219,77.26000213623047,77.81999969482422,76.02162170410156,5540000
2021-03-31,77.83999633789062,78.22000122070312,77.05000305175781,77.2699966430664,75.48432159423828,6003300
2021-04-01,77.61000061035156,77.80000305175781,76.93000030517578,77.27999877929688,75.49409484863281,6166200
2021-04-05,77.86000061035156,78.44999694824219,77.54000091552734,77.91000366210938,76.10954284667969,5637900
2021-04-06,77.58999633789062,78.08999633789062,77.19999694824219,77.51000213623047,75.71878814697266,8489200
2021-04-07,77.48999786376953,78.11000061035156,77.05000305175781,77.5999984741211,75.80670928955078,5334700
2021-04-08,77.12999725341797,77.55999755859375,76.48999786376953,77.4800033569336,75.6894760131836,5043000
2021-04-09,78.54000091552734,78.87999725341797,77.6500015258789,78.29000091552734,76.48075866699219,5423400
2021-04-12,78.25,78.81999969482422,78.12999725341797,78.72000122070312,76.90081787109375,5485800
2021-04-13,78.0,78.08000183105469,76.73999786376953,77.69999694824219,75.90438842773438,5490700
2021-04-14,78.0,78.69000244140625,77.7699966430664,77.95999908447266,76.15837860107422,4855200
2021-04-15,78.16000366210938,78.27999877929688,76.9800033569336,77.97000122070312,76.16815185546875,5106500
2021-04-16,78.58999633789062,78.58999633789062,77.05000305175781,78.22000122070312,76.4123764038086,7629700
2021-04-19,78.12000274658203,78.7300033569336,77.73999786376953,78.58999633789062,76.77381896972656,6265600
2021-04-20,77.80000305175781,77.91000366210938,76.06999969482422,77.08999633789062,75.30847930908203,8692700
2021-04-21,76.80999755859375,78.94000244140625,76.4000015258789,78.87000274658203,77.04735565185547,5186900
2021-04-22,78.98999786376953,79.91000366210938,78.55000305175781,78.73999786376953,76.92035675048828,6706800
2021-04-23,78.80999755859375,80.76000213623047,78.80999755859375,80.54000091552734,78.67875671386719,7139200
2021-04-26,81.0,82.06999969482422,80.80000305175781,81.0,79.12813568115234,12145600
2021-04-27,82.76000213623047,83.69000244140625,80.87999725341797,82.80999755859375,80.89629364013672,11082400
2021-04-28,81.4800033569336,83.12000274658203,81.4800033569336,83.08000183105469,81.1600570678711,7164200
2021-04-29,83.55999755859375,83.80000305175781,82.51000213623047,82.87000274658203,80.95491027832031,6237000
2021-04-30,82.55000305175781,83.41000366210938,82.3499984741211,83.23999786376953,81.31636047363281,5616000
2021-05-03,83.80000305175781,84.44999694824219,83.27999877929688,84.13999938964844,82.19556427001953,5828800
2021-05-04,84.12000274658203,84.58999633789062,83.1500015258789,83.94000244140625,82.00019073486328,9306900
2021-05-05,83.62999725341797,84.66999816894531,83.54000091552734,84.12999725341797,82.185791015625,4658200
2021-05-06,84.80999755859375,84.9000015258789,83.52999877929688,84.68000030517578,82.72309112548828,4903900
2021-05-07,84.80999755859375,85.93000030517578,84.13999938964844,85.70999908447266,83.72927856445312,6056000
2021-05-10,86.86000061035156,87.04000091552734,84.93000030517578,85.04000091552734,83.07476806640625,9042600
2021-05-11,84.23999786376953,85.19999694824219,83.3499984741211,84.33000183105469,82.38117980957031,6708100
2021-05-12,84.2300033569336,84.86000061035156,82.22000122070312,82.27999877929688,80.37854766845703,6086800
2021-05-13,82.30000305175781,84.27999877929688,82.13999938964844,83.77999877929688,81.84388732910156,4701200
2021-05-14,84.44999694824219,86.06999969482422,84.36000061035156,85.87999725341797,83.89535522460938,4989200
2021-05-17,85.05999755859375,86.56999969482422,85.05999755859375,86.56999969482422,84.56941223144531,5059800
2021-05-18,86.19999694824219,86.95999908447266,85.3499984741211,85.37999725341797,83.40691375732422,7438300
2021-05-19,84.83999633789062,85.2699966430664,83.58000183105469,85.20999908447266,83.24083709716797,9296500
2021-05-20,84.73999786376953,85.55999755859375,84.08999633789062,85.2300033569336,83.76171112060547,10059900
2021-05-21,85.8499984741211,87.0999984741211,85.55000305175781,85.80999755859375,84.33171081542969,5803800
2021-05-24,86.48999786376953,86.94999694824219,86.0,86.4800033569336,84.99018096923828,5113300
2021-05-25,86.62999725341797,87.27999877929688,85.98999786376953,86.26000213623047,84.77396392822266,7606300
2021-05-26,86.33000183105469,86.7300033569336,86.0,86.5,85.00982666015625,4826200
2021-05-27,88.5,88.80999755859375,87.70999908447266,88.61000061035156,87.08348083496094,10492200
2021-05-28,88.4000015258789,88.83000183105469,88.04000091552734,88.70999908447266,87.18174743652344,4850300
2021-06-01,89.80999755859375,89.93000030517578,88.83999633789062,88.98999786376953,87.45692443847656,4302200
2021-06-02,89.25,89.25,88.44999694824219,88.62999725341797,87.10313415527344,4429100
2021-06-03,88.11000061035156,88.97000122070312,87.88999938964844,88.68000030517578,87.15227508544922,4083200
2021-06-04,88.6500015258789,89.23999786376953,88.55000305175781,89.0199966430664,87.48641204833984,4082800
2021-06-07,88.97000122070312,89.1500015258789,88.4800033569336,88.97000122070312,87.4372787475586,5693900
2021-06-08,89.19999694824219,89.77999877929688,88.76000213623047,89.44999694824219,87.90900421142578,4777000
2021-06-09,89.36000061035156,89.56999969482422,88.81999969482422,88.8499984741211,87.31934356689453,4594500
2021-06-10,89.80000305175781,89.9800033569336,88.16000366210938,88.25,86.72968292236328,4826300
2021-06-11,88.69999694824219,88.97000122070312,88.16999816894531,88.80999755859375,87.280029296875,4082700
2021-06-14,88.72000122070312,89.19000244140625,88.25,88.72000122070312,87.19158935546875,5924900
2021-06-15,88.94999694824219,89.80000305175781,88.80000305175781,89.4000015258789,87.85987091064453,5336700
2021-06-16,89.2300033569336,89.43000030517578,87.94999694824219,88.43000030517578,86.90657806396484,8033800
2021-06-17,88.4800033569336,88.7300033569336,86.31999969482422,87.12999725341797,85.62896728515625,7480500
2021-06-18,85.9000015258789,86.7300033569336,85.62000274658203,85.91999816894531,84.4398193359375,10387200
2021-06-21,86.75,88.13999938964844,86.5199966430664,88.0,86.48399353027344,5097400
2021-06-22,87.68000030517578,88.05999755859375,86.86000061035156,87.37999725341797,85.8746566772461,4150100
2021-06-23,87.41999816894531,87.61000061035156,86.56999969482422,86.5999984741211,85.10810089111328,3524500
2021-06-24,87.18000030517578,87.18000030517578,86.26000213623047,86.8499984741211,85.35379791259766,5335200
2021-06-25,87.02999877929688,87.4000015258789,86.68000030517578,86.72000122070312,85.22604370117188,6611000
2021-06-28,86.38999938964844,86.4000015258789,84.76000213623047,85.11000061035156,83.64378356933594,5738300
2021-06-29,85.37999725341797,85.87000274658203,84.33999633789062,84.44000244140625,82.98532104492188,6496800
2021-06-30,84.33999633789062,85.66999816894531,84.13999938964844,85.30999755859375,83.84032440185547,4744500
2021-07-01,85.41999816894531,86.25,85.2699966430664,86.22000122070312,84.73465728759766,3903900
2021-07-02,86.5,87.0,85.83000183105469,86.69999694824219,85.20637512207031,4185400
2021-07-06,86.1500015258789,86.48999786376953,84.93000030517578,85.75,84.27274322509766,4140000
2021-07-07,85.16999816894531,86.04000091552734,84.81999969482422,85.83000183105469,84.35137939453125,4127200
2021-07-08,84.5999984741211,85.77999877929688,84.0199966430664,85.44000244140625,83.96809387207031,4665500
2021-07-09,86.5,86.75,86.0199966430664,86.37999725341797,84.89189147949219,4556200
2021-07-12,85.55999755859375,86.4000015258789,85.0199966430664,86.22000122070312,84.73465728759766,5464400
2021-07-13,86.16999816894531,86.23999786376953,85.26000213623047,85.33000183105469,83.85999298095703,4595000
2021-07-14,85.18000030517578,85.88999938964844,84.45999908447266,84.91000366210938,83.44722747802734,3665400
2021-07-15,84.08999633789062,85.52999877929688,83.94000244140625,84.9800033569336,83.5160140991211,3460800
2021-07-16,85.62000274658203,85.75,83.30000305175781,83.52999877929688,82.09099578857422,4023800
2021-07-19,81.80000305175781,81.95999908447266,79.72000122070312,81.05000305175781,79.65372467041016,9221300
2021-07-20,81.30000305175781,85.12999725341797,81.0199966430664,84.80000305175781,83.33911895751953,7935000
2021-07-21,85.2699966430664,86.95999908447266,85.05000305175781,86.58000183105469,85.08845520019531,5398300
2021-07-22,86.2699966430664,86.5,85.19000244140625,85.81999969482422,84.34153747558594,4124300
2021-07-23,86.7300033569336,86.7300033569336,85.61000061035156,85.80999755859375,84.33171081542969,2607600
2021-07-26,85.7300033569336,86.19999694824219,85.41999816894531,85.94999694824219,84.46929931640625,3759800
2021-07-27,87.5999984741211,89.45999908447266,87.41000366210938,88.22000122070312,86.70020294189453,8429700
2021-07-28,89.12000274658203,89.12000274658203,86.94999694824219,87.19999694824219,85.69776153564453,5517100
2021-07-29,88.62999725341797,88.6500015258789,87.48999786376953,87.6500015258789,86.1400146484375,4135400
2021-07-30,87.37000274658203,87.76000213623047,86.66000366210938,86.94999694824219,85.45207214355469,4443600
2021-08-02,87.13999938964844,88.73999786376953,86.51000213623047,86.61000061035156,85.11793518066406,4049200
2021-08-03,86.69000244140625,88.0,85.33000183105469,87.97000122070312,86.45450592041016,4629200
2021-08-04,86.87000274658203,87.38999938964844,85.6500015258789,85.81999969482422,84.34153747558594,5286000
2021-08-05,86.41000366210938,87.43000030517578,86.19000244140625,86.87999725341797,85.38327026367188,3604600
2021-08-06,87.44999694824219,87.9800033569336,87.16999816894531,87.58000183105469,86.07122039794922,3019700
2021-08-09,87.05999755859375,87.43000030517578,86.52999877929688,87.08000183105469,85.579833984375,3265600
2021-08-10,87.19000244140625,88.05999755859375,87.0,87.6500015258789,86.1400146484375,2909100
2021-08-11,87.80999755859375,88.66000366210938,87.43000030517578,88.62000274658203,87.09330749511719,3724800
2021-08-12,88.4000015258789,88.66000366210938,87.37999725341797,87.9800033569336,86.4643325805664,2816500
2021-08-13,88.0999984741211,88.13999938964844,87.13999938964844,87.25,85.74691009521484,3050300
2021-08-16,86.72000122070312,87.26000213623047,85.56999969482422,87.13999938964844,85.63880157470703,3895900
2021-08-17,86.4000015258789,87.16999816894531,85.6500015258789,86.61000061035156,85.11793518066406,3999200
2021-08-18,86.05000305175781,86.91999816894531,85.41000366210938,85.4800033569336,84.00740051269531,4256200
2021-08-19,84.33000183105469,84.83999633789062,82.97000122070312,83.3499984741211,82.40575408935547,5707000
2021-08-20,83.29000091552734,84.4800033569336,83.0,84.05000305175781,83.09783172607422,4501600
2021-08-23,84.58000183105469,85.58000183105469,84.51000213623047,84.95999908447266,83.99751281738281,3367700
2021-08-24,85.11000061035156,86.08000183105469,85.0,85.43000030517578,84.46218872070312,4751800
2021-08-25,85.62000274658203,86.44000244140625,85.0,85.7300033569336,84.7587890625,3195200
2021-08-26,85.66000366210938,85.80000305175781,84.5199966430664,84.76000213623047,83.7997817993164,2596000
2021-08-27,85.18000030517578,86.13999938964844,85.1500015258789,85.4000015258789,84.43252563476562,3590000
2021-08-30,85.48999786376953,85.5199966430664,84.69999694824219,84.80000305175781,83.83932495117188,2936800
2021-08-31,84.6500015258789,85.41999816894531,84.33999633789062,84.76000213623047,83.7997817993164,3969600
2021-09-01,85.13999938964844,85.13999938964844,83.91999816894531,84.0999984741211,83.14725494384766,4109000
2021-09-02,84.19999694824219,84.94999694824219,84.12999725341797,84.54000091552734,83.582275390625,3471600
2021-09-03,84.37999725341797,84.62999725341797,83.5,83.6500015258789,82.70236206054688,3300100
2021-09-07,83.36000061035156,83.6500015258789,82.36000061035156,83.0,82.05972290039062,5701400
2021-09-08,82.83000183105469,83.4800033569336,82.19999694824219,82.87000274658203,81.93119812011719,3911400
2021-09-09,82.93000030517578,84.3499984741211,82.7300033569336,83.66000366210938,82.71224212646484,4521200
2021-09-10,84.18000030517578,84.45999908447266,82.80000305175781,83.0,82.05972290039062,3893400
2021-09-13,83.77999877929688,84.2300033569336,82.76000213623047,83.63999938964844,82.69246673583984,4768000
2021-09-14,83.80000305175781,83.83999633789062,82.26000213623047,82.73999786376953,81.80265808105469,5253300
2021-09-15,83.18000030517578,85.05999755859375,82.83000183105469,84.87000274658203,83.90853118896484,5673400
2021-09-16,84.94000244140625,85.12999725341797,83.87999725341797,84.0199966430664,83.06815338134766,5907500
2021-09-17,83.58999633789062,84.01000213623047,82.37000274658203,83.38999938964844,82.44529724121094,23128700
2021-09-20,81.9000015258789,83.5999984741211,81.5199966430664,83.44999694824219,82.50462341308594,8217100
2021-09-21,83.68000030517578,84.1500015258789,82.66999816894531,83.11000061035156,82.16847229003906,5900300
2021-09-22,83.97000122070312,85.95999908447266,83.61000061035156,85.2699966430664,84.30400085449219,6233700
2021-09-23,85.58000183105469,87.0,85.51000213623047,86.75,85.7672348022461,5906800
2021-09-24,86.56999969482422,87.66999816894531,86.36000061035156,87.16000366210938,86.17259216308594,4665900
2021-09-27,87.7300033569336,88.47000122070312,87.2300033569336,87.33999633789062,86.35054779052734,4162100
2021-09-28,87.0999984741211,87.7300033569336,86.47000122070312,86.83999633789062,85.85621643066406,5781200
2021-09-29,87.16999816894531,87.81999969482422,86.69000244140625,86.98999786376953,86.0045166015625,3612600
2021-09-30,87.48999786376953,87.5,85.86000061035156,85.95999908447266,84.98619079589844,5642900
2021-10-01,86.80000305175781,87.93000030517578,86.13999938964844,87.4800033569336,86.48896789550781,5499500
2021-10-04,87.0,88.0,86.43000030517578,87.69000244140625,86.69659423828125,5490600
2021-10-05,88.0,89.48999786376953,87.7300033569336,88.72000122070312,87.71492004394531,4820500
2021-10-06,88.19999694824219,89.4000015258789,87.44999694824219,89.2699966430664,88.25868225097656,4354100
2021-10-07,89.88999938964844,90.62999725341795,89.75,90.1500015258789,89.12871551513672,3750900
2021-10-08,90.3000030517578,90.83000183105467,89.73999786376953,90.62000274658205,89.59339141845703,3342700
2021-10-11,90.72000122070312,91.37999725341795,89.83999633789062,89.88999938964844,88.87165832519531,3048000
2021-10-12,89.61000061035156,90.55999755859376,89.16000366210938,89.72000122070312,88.7035903930664,3404100
2021-10-13,89.80999755859375,90.0,88.31999969482422,89.68000030517578,88.66404724121094,3285500
2021-10-14,90.31999969482422,90.47000122070312,89.11000061035156,89.16999816894531,88.1598129272461,4225300
2021-10-15,89.8499984741211,91.29000091552734,89.66999816894531,90.91999816894533,89.8899917602539,4580300
2021-10-18,90.0999984741211,91.12000274658205,89.31999969482422,90.8000030517578,89.77135467529297,3898700
2021-10-19,90.9800033569336,91.48999786376952,90.4499969482422,91.2300033569336,90.1964874267578,4195100
2021-10-20,90.69000244140624,91.91000366210938,90.08000183105467,91.68000030517578,90.6413803100586,3916600
2021-10-21,91.33000183105467,91.66999816894533,90.58000183105467,91.61000061035156,90.57218170166016,4274900
2021-10-22,91.66999816894533,92.31999969482422,91.18000030517578,91.86000061035156,90.81935119628906,4160800
2021-10-25,91.66999816894533,91.9800033569336,90.6999969482422,91.3000030517578,90.26569366455078,5953900
2021-10-26,88.29000091552734,91.19000244140624,87.0,89.16000366210938,88.14993286132812,9122500
2021-10-27,89.1500015258789,90.55999755859376,88.69000244140625,89.16000366210938,88.14993286132812,4273200
2021-10-28,89.36000061035156,89.80999755859375,88.73999786376953,89.19000244140625,88.17959594726562,4179900
2021-10-29,89.05999755859375,89.76000213623047,88.51000213623047,88.86000061035156,87.85333251953125,5202300
2021-11-01,88.91000366210938,89.19000244140625,87.95999908447266,88.55000305175781,87.5468521118164,4588800
2021-11-02,88.52999877929688,88.80999755859375,87.19999694824219,87.80000305175781,86.80534362792969,4554100
2021-11-03,87.0199966430664,88.79000091552734,86.94999694824219,88.66999816894531,87.66548919677734,4148500
2021-11-04,88.33999633789062,89.08999633789062,87.76000213623047,88.05999755859375,87.06239318847656,3711700
2021-11-05,89.7699966430664,91.2300033569336,89.05999755859375,91.18000030517578,90.14705657958984,4328600
2021-11-08,91.30999755859376,91.66999816894533,90.30999755859376,90.70999908447266,89.682373046875,4469100
2021-11-09,90.70999908447266,91.06999969482422,89.97000122070312,90.98999786376952,89.95919799804688,3372900
2021-11-10,91.0199966430664,91.44000244140624,90.13999938964844,90.18000030517578,89.15837860107422,3503200
2021-11-11,90.08000183105467,90.41999816894533,88.69000244140625,89.05000305175781,88.04118347167969,4993600
2021-11-12,89.18000030517578,89.25,88.62000274658203,88.86000061035156,87.85333251953125,3273100
2021-11-15,89.62999725341797,89.62999725341797,88.83999633789062,89.3499984741211,88.33778381347656,3423100
2021-11-16,89.2699966430664,89.81999969482422,88.80999755859375,88.9000015258789,87.89288330078125,4746200
2021-11-17,88.76000213623047,89.05000305175781,87.19000244140625,87.44999694824219,86.45930480957031,3910600
2021-11-18,87.19000244140625,87.79000091552734,86.33999633789062,86.91000366210938,86.42947387695312,4376300
2021-11-19,86.25,86.25,85.05999755859375,85.43000030517578,84.95765686035156,5478200
2021-11-22,85.80999755859375,87.63999938964844,85.68000030517578,86.80000305175781,86.32008361816406,6819800
2021-11-23,87.31999969482422,87.73999786376953,86.73999786376953,87.30999755859375,86.82725524902344,5950700
2021-11-24,86.93000030517578,87.4800033569336,86.68000030517578,87.19000244140625,86.70792388916016,3464500
2021-11-26,83.55999755859375,83.58999633789062,81.41999816894531,83.0,82.54109191894531,7113600
2021-11-29,84.08999633789062,84.44999694824219,82.5199966430664,82.94000244140625,82.4814224243164,5835000
2021-11-30,82.12000274658203,82.5,80.27999877929688,80.91999816894531,80.47258758544922,7966000
2021-12-01,82.13999938964844,82.13999938964844,79.0,79.05000305175781,78.61293029785156,8499000
2021-12-02,80.05000305175781,82.2300033569336,79.51000213623047,81.66000366210938,81.20850372314453,6409100
2021-12-03,81.61000061035156,82.12000274658203,80.12000274658203,81.11000061035156,80.66153717041016,6037200
2021-12-06,82.25,84.38999938964844,81.66999816894531,83.76000213623047,83.29689025878906,4964200
2021-12-07,84.43000030517578,85.80000305175781,84.05000305175781,85.01000213623047,84.53997802734375,5102900
2021-12-08,85.83999633789062,87.6500015258789,85.80000305175781,86.5,86.02173614501953,6749500
2021-12-09,86.0,86.56999969482422,85.5199966430664,86.16000366210938,85.68362426757812,4241900
2021-12-10,86.91000366210938,86.9800033569336,85.69999694824219,86.16000366210938,85.68362426757812,3294000
2021-12-13,85.44999694824219,85.94000244140625,84.04000091552734,84.33000183105469,83.86373901367188,4173900
2021-12-14,83.62999725341797,84.73999786376953,83.2300033569336,83.5,83.03832244873047,6144700
2021-12-15,83.45999908447266,83.72000122070312,82.06999969482422,83.43000030517578,82.96871185302734,5388300
2021-12-16,84.26000213623047,84.5199966430664,82.45999908447266,82.69999694824219,82.24274444580078,4546300
2021-12-17,82.69999694824219,83.0199966430664,81.16999816894531,82.27999877929688,81.82506561279297,8892600
2021-12-20,81.02999877929688,81.3499984741211,79.69000244140625,81.02999877929688,80.58197784423828,5828400
2021-12-21,81.66999816894531,83.91999816894531,81.66999816894531,83.68000030517578,83.21733093261719,7301900
2021-12-22,83.4800033569336,84.75,83.43000030517578,84.06999969482422,83.60517120361328,3852800
2021-12-23,84.55999755859375,85.19999694824219,84.5199966430664,84.9000015258789,84.43058776855469,2650000
2021-12-27,84.72000122070312,85.4000015258789,84.23999786376953,85.23999786376953,84.7686996459961,2743700
2021-12-28,85.06999969482422,86.3499984741211,84.77999877929688,86.0199966430664,85.54438781738281,3220100
2021-12-29,85.58000183105469,86.06999969482422,85.22000122070312,85.88999938964844,85.41510772705078,2085300
2021-12-30,86.04000091552734,86.5,85.69999694824219,85.80000305175781,85.32560729980469,2459400
2021-12-31,85.7300033569336,86.33000183105469,85.5,86.05999755859375,85.58416748046875,2667700
2022-01-03,86.08000183105469,87.13999938964844,86.06999969482422,86.97000122070312,86.48914337158203,5169200
2022-01-04,87.87000274658203,90.06999969482422,87.69999694824219,90.0199966430664,89.52227020263672,6044200
2022-01-05,90.1999969482422,91.52999877929688,89.4000015258789,89.56999969482422,89.07476043701172,6833600
2022-01-06,90.4000015258789,90.93000030517578,89.61000061035156,90.05999755859375,89.56204986572266,5559000
2022-01-07,90.26000213623048,91.37000274658205,90.08999633789062,90.44000244140624,89.93995666503906,4835300
2022-01-10,90.68000030517578,90.79000091552734,89.23999786376953,89.7300033569336,89.23387908935547,4884200
2022-01-11,89.73999786376953,90.83999633789062,89.2699966430664,90.72000122070312,90.2184066772461,4529800
2022-01-12,91.0,91.5500030517578,90.83999633789062,91.06999969482422,90.56646728515624,4613100
2022-01-13,91.37999725341795,92.45999908447266,90.95999908447266,91.55999755859376,91.0537567138672,5026300
2022-01-14,91.0500030517578,92.4800033569336,90.72000122070312,92.33000183105467,91.81950378417967,4986700
2022-01-18,91.33000183105467,91.9000015258789,90.27999877929688,90.75,90.24823760986328,6010200
2022-01-19,90.7300033569336,91.33999633789062,89.58000183105469,89.69999694824219,89.20404052734375,4887800
2022-01-20,89.95999908447266,90.83000183105467,88.25,88.36000061035156,87.87145233154297,5354700
2022-01-21,88.5199966430664,88.80999755859375,86.81999969482422,87.20999908447266,86.72781372070312,5846500
2022-01-24,85.7699966430664,88.30000305175781,84.80000305175781,88.12000274658203,87.63278198242188,8849700
2022-01-25,85.0,91.29000091552734,85.0,90.30999755859376,89.8106689453125,10377400
2022-01-26,89.9800033569336,91.5199966430664,87.47000122070312,88.9800033569336,88.48802947998047,9829100
2022-01-27,89.91999816894531,91.4800033569336,88.4000015258789,89.27999877929688,88.78636932373047,6998700
2022-01-28,88.97000122070312,90.37000274658205,87.4800033569336,90.33000183105467,89.83056640625,5877600
2022-01-31,89.61000061035156,90.41000366210938,89.01000213623047,90.19000244140624,89.69133758544922,6419700
2022-02-01,90.0999984741211,90.94000244140624,89.2699966430664,90.7300033569336,90.22835540771484,6558400
2022-02-02,90.3000030517578,92.69000244140624,90.25,92.54000091552734,92.0283432006836,5978600
2022-02-03,92.1500015258789,92.98999786376952,91.62000274658205,92.80999755859376,92.29684448242188,7171700
2022-02-04,92.36000061035156,93.9000015258789,92.11000061035156,93.01000213623048,92.49574279785156,6320900
2022-02-07,93.45999908447266,94.7300033569336,93.01000213623048,94.02999877929688,93.51010131835938,4932700
2022-02-08,93.83000183105467,95.31999969482422,92.87000274658205,95.06999969482422,94.54434967041016,8173200
2022-02-09,96.02999877929688,96.31999969482422,95.4800033569336,96.0,95.46920776367188,5394900
2022-02-10,95.31999969482422,96.95999908447266,94.5500030517578,95.05999755859376,94.53440856933594,6534300
2022-02-11,95.25,96.0500030517578,94.08000183105467,95.2699966430664,94.74324798583984,6528200
2022-02-14,95.51000213623048,95.5999984741211,92.88999938964844,93.56999969482422,93.05265045166016,6419200
2022-02-15,93.58999633789062,94.9000015258789,93.56999969482422,94.04000091552734,93.52005004882812,4616000
2022-02-16,94.01000213623048,95.2699966430664,93.91999816894533,94.75,94.2261199951172,4560900
2022-02-17,93.97000122070312,95.16999816894533,93.44000244140624,94.36000061035156,93.8382797241211,5753300
2022-02-18,94.13999938964844,95.01000213623048,92.98999786376952,93.37000274658205,92.85375213623048,6544800
2022-02-22,93.62000274658205,94.73999786376952,92.79000091552734,93.54000091552734,93.02281188964844,5862200
2022-02-23,94.3000030517578,94.52999877929688,92.0500030517578,92.23999786376952,91.72999572753906,6903300
2022-02-24,93.0,94.6500015258789,89.30999755859375,94.25,94.25,9698500
2022-02-25,94.38999938964844,98.2699966430664,94.1999969482422,98.12000274658205,98.12000274658205,8692300
2022-02-28,99.0199966430664,102.95999908447266,98.4000015258789,102.6999969482422,102.6999969482422,16716000
2022-03-01,102.7699966430664,104.33999633789062,102.18000030517578,102.7300033569336,102.7300033569336,12340900
2022-03-02,102.1999969482422,102.51000213623048,99.77999877929688,100.73999786376952,100.73999786376952,12834600
2022-03-03,101.05999755859376,101.3499984741211,98.62999725341795,99.83000183105467,99.83000183105467,8417383
